#{"t_start": 1625370268.7300088, "env_id": null}
r,l,t
4.310279,700,22.191351
-1.479669,700,55.724066
1.118244,700,90.618833
-0.917793,700,124.283986
1.659739,700,156.967735
2.917908,700,190.906172
-1.167791,700,221.675548
0.211586,700,253.273634
1.555653,700,286.023972
2.583207,700,320.056438
-0.62136,700,351.05781
-1.366762,700,382.369015
2.138488,700,412.801528
0.955106,700,444.668962
-0.186161,700,473.817971
0.01056,700,505.030352
-4.191453,700,535.242584
-0.274907,700,566.016769
-0.777863,700,596.037091
-103.565904,700,626.053286
164.760508,700,656.721267
26.594034,700,687.951306
87.929516,700,718.55848
-122.180459,700,752.521076
-116.888479,700,783.801131
-76.853955,700,816.868187
19.064416,700,848.478015
-12.727368,700,881.322221
-8.464185,700,912.954845
119.96768,700,943.773729
54.867183,700,975.65882
61.852,700,1007.56693
40.124948,700,1039.76743
85.376348,700,1072.876598
25.084395,700,1104.573042
90.82153,700,1136.354909
26.37388,700,1168.90957
71.38366,700,1201.580754
91.661834,700,1232.992502
34.924371,700,1263.178064
53.448303,700,1292.994193
-39.742394,700,1324.721732
68.232462,700,1357.077161
-20.18554,700,1389.742839
130.036378,700,1425.124165
38.076749,700,1458.96613
42.569959,700,1489.15243
48.602719,700,1518.035115
87.640508,700,1545.963947
152.647771,700,1574.374914
-92.094865,700,1603.672979
59.561745,700,1630.714501
-29.993607,700,1657.90102
-21.680643,700,1685.409786
44.157632,700,1714.37938
-144.516233,700,1743.105742
91.388517,700,1771.476135
22.371652,700,1800.954197
41.3625,700,1829.259546
6.732365,700,1858.916898
40.45368,700,1889.297136
34.484965,700,1920.762338
-39.334307,700,1952.692102
-17.482266,700,1984.740038
40.892343,700,2017.172433
-14.730949,700,2050.180708
79.761208,700,2080.919559
186.957026,700,2111.694895
145.439577,700,2143.247713
111.646127,700,2174.849789
40.121526,700,2206.316999
17.616278,700,2239.347942
17.451658,700,2271.835481
100.426527,700,2305.161099
72.591631,700,2336.894697
31.256333,700,2369.338085
146.615154,700,2404.199173
-13.292122,700,2437.897937
22.386196,700,2470.844828
26.221452,700,2504.420986
-92.584492,700,2537.061129
7.889504,700,2568.174896
58.869091,700,2599.822433
62.662638,700,2627.617161
133.421392,700,2654.145941
71.558709,700,2682.291795
-98.823602,700,2710.795587
42.778299,700,2740.889719
66.387785,700,2770.29234
9.73125,700,2801.291844
-14.364554,700,2833.678563
63.389807,700,2865.79934
1.637753,700,2898.031813
-10.979123,700,2930.403465
-101.484025,700,2964.746741
75.754467,700,2997.96546
-86.643387,700,3030.978968
11.334494,700,3064.116794
29.943743,700,3098.016869
41.234956,700,3130.48017
-92.701948,700,3164.221431
24.12876,700,3196.374932
50.010907,700,3229.590244
27.533837,700,3263.065502
5.946125,700,3294.808289
-23.484748,700,3325.642442
16.707348,700,3354.272867
30.729188,700,3383.668372
30.660226,700,3412.413781
-13.633439,700,3442.390809
22.546791,700,3470.500229
5.864156,700,3499.177389
58.426831,700,3526.386906
1.323149,700,3554.467899
-104.944649,700,3582.91107
39.724052,700,3613.630814
17.940534,700,3642.574428
21.116299,700,3672.979722
14.677247,700,3701.137537
45.29637,700,3729.013046
83.337181,700,3757.242013
-4.074415,700,3786.524185
79.761572,700,3815.650478
-43.475015,700,3845.067516
21.937989,700,3876.055097
32.822934,700,3908.090773
39.881647,700,3941.20493
-96.984221,700,3975.056751
42.229313,700,4008.395758
-8.296805,700,4041.095045
23.540474,700,4072.126036
-112.125369,700,4101.560188
41.162276,700,4129.89972
23.142852,700,4160.869681
68.43967,700,4188.130506
-147.401459,700,4215.450631
52.094823,700,4242.827054
3.263806,700,4270.95983
63.578763,700,4301.056507
-101.492996,700,4328.753619
-2.387145,700,4356.012752
22.664612,700,4385.015985
-112.95308,700,4414.098377
39.317637,700,4441.026786
2.618745,700,4467.8269
36.353746,700,4494.438518
34.653223,700,4521.898201
-12.024097,700,4549.01521
-125.817764,700,4575.000181
196.710411,700,4601.56623
138.252154,700,4628.270056
1.761845,700,4654.61767
40.777029,700,4681.300785
43.715972,700,4707.522581
85.472879,700,4733.89196
44.074551,700,4760.735548
39.201279,700,4787.380898
-56.456403,700,4813.50566
40.626947,700,4839.747484
-24.397189,700,4865.938946
37.843295,700,4892.297128
-121.597407,700,4919.267352
56.349442,700,4944.758997
77.875242,700,4971.185812
-84.832182,700,4997.567225
-123.110282,700,5023.454057
32.742549,700,5049.456442
17.549448,700,5075.725373
-116.138861,700,5102.358479
4.108856,700,5127.666285
73.062069,700,5153.100732
20.676567,700,5178.359277
86.365865,700,5204.312601
212.016985,700,5230.731825
43.22989,700,5256.85478
29.903671,700,5282.531095
-115.551736,700,5308.802253
75.123106,700,5335.257651
43.344799,700,5361.052547
44.53452,700,5387.752898
60.653395,700,5414.471782
28.542427,700,5440.718483
48.207905,700,5468.000343
114.13712,700,5495.994909
-15.126553,700,5522.561726
121.045346,700,5549.963511
45.219996,700,5577.420203
37.251566,700,5605.126655
-8.742481,700,5632.206204
80.920391,700,5658.540052
14.839072,700,5685.527412
36.044518,700,5711.976574
62.057826,700,5738.825185
11.739411,700,5765.593065
27.423834,700,5792.01622
45.223737,700,5819.161585
64.886121,700,5845.631536
29.355202,700,5872.283675
44.302494,700,5898.871684
5.868862,700,5926.424027
8.954673,700,5953.254976
19.265453,700,5979.635181
-126.524631,700,6005.893489
-23.869895,700,6032.069806
36.770569,700,6059.524457
61.548927,700,6085.483732
69.402991,700,6111.573757
104.10694,700,6138.322784
141.885024,700,6164.641568
6.704962,700,6191.340055
36.964922,700,6217.700783
31.057429,700,6244.801225
81.60992,700,6272.044396
200.309047,700,6299.199212
-111.656946,700,6325.095792
45.696795,700,6351.244694
3.579204,700,6378.168853
27.216777,700,6405.264795
-104.936225,700,6431.644238
-122.347842,700,6458.135651
71.592335,700,6484.400751
-23.533202,700,6510.924912
78.58222,700,6538.173328
-143.975995,700,6565.076563
43.261542,700,6591.880155
44.724586,700,6618.76368
81.140072,700,6644.15827
-123.366241,700,6670.126899
-34.19979,700,6696.7662
134.003526,700,6722.53637
39.203534,700,6749.8626
-18.614051,700,6776.0157
-0.936187,700,6802.670424
10.957229,700,6828.994644
-12.622404,700,6855.0488
97.558748,700,6881.68346
72.648456,700,6908.063098
83.774064,700,6935.303171
-54.341846,700,6961.562233
62.147554,700,6988.324674
-18.532445,700,7015.478013
-140.332655,700,7042.090017
237.775878,700,7067.815696
120.142532,700,7094.258245
183.827005,700,7120.300355
87.189638,700,7145.828498
140.113255,700,7172.893388
17.086052,700,7199.667954
107.25798,700,7226.227879
37.694629,700,7252.298225
48.62001,700,7278.670895
50.071721,700,7306.212442
-14.018667,700,7332.481049
-9.174149,700,7359.446829
-37.751666,700,7386.193058
-5.960722,700,7412.99074
7.43915,700,7439.459827
2.661458,700,7466.622465
51.508338,700,7492.902979
38.086523,700,7519.34623
63.818012,700,7546.636355
-19.423259,700,7573.960883
21.53993,700,7601.618117
-104.230298,700,7628.690913
-4.0971,700,7655.990619
0.244987,700,7683.530967
37.898438,700,7711.127401
133.7157,700,7738.529947
132.010707,700,7765.517229
0.290223,700,7792.395737
186.926523,700,7819.989718
37.198019,700,7847.708518
46.872467,700,7875.648959
-6.300475,700,7903.168701
-94.836776,700,7930.081811
17.737685,700,7957.250107
69.703063,700,7985.419316
73.063448,700,8013.968168
28.171218,700,8041.791919
-14.903371,700,8069.286085
21.139881,700,8097.614694
11.127905,700,8124.892146
-92.64835,700,8152.425664
-83.162755,700,8179.664312
40.311975,700,8207.501423
38.51341,700,8235.1355
-16.685255,700,8262.904839
39.833686,700,8290.679684
74.91597,700,8318.774132
37.801721,700,8346.018201
27.946444,700,8372.497267
28.833042,700,8399.726125
-90.359856,700,8426.425263
61.841519,700,8453.858991
44.130598,700,8481.062601
37.725485,700,8508.394075
177.627344,700,8535.370379
78.007483,700,8562.104568
38.535805,700,8588.210581
43.098146,700,8615.353553
138.2015,700,8641.606522
-6.79249,700,8668.166272
97.919064,700,8694.612265
-108.369977,700,8721.870177
-18.785072,700,8748.486844
33.990777,700,8775.037024
122.254893,700,8801.215125
-13.850377,700,8827.862114
40.62806,700,8854.500614
186.370319,700,8880.374609
60.500789,700,8907.768975
23.258578,700,8934.312919
131.590124,700,8961.287926
6.783616,700,8988.280194
28.017189,700,9015.390499
63.218782,700,9042.834045
31.499485,700,9069.172061
12.514315,700,9095.38635
41.73684,700,9121.641748
12.024085,700,9148.367292
-17.666013,700,9174.752848
113.652361,700,9201.231241
87.311954,700,9227.389951
-89.578124,700,9253.32324
37.270983,700,9280.559401
30.026356,700,9308.458139
40.792786,700,9335.747584
-112.344486,700,9363.224399
21.036863,700,9390.926903
26.311974,700,9419.669029
-15.146019,700,9447.199614
40.313043,700,9473.8633
42.288063,700,9500.445631
-19.701973,700,9526.968153
19.436624,700,9553.268022
29.064521,700,9580.843798
-21.159377,700,9607.929169
65.800959,700,9635.308198
41.06842,700,9661.597286
-125.202172,700,9689.758541
67.867026,700,9716.5066
23.225229,700,9743.53009
48.015588,700,9770.920419
71.068543,700,9797.53675
-129.136685,700,9824.485548
75.225993,700,9851.578394
38.800112,700,9878.989815
39.219063,700,9906.837676
-106.899915,700,9934.558534
-26.882278,700,9962.081026
19.863302,700,9989.405424
23.090492,700,10015.959854
94.080406,700,10042.500494
74.987927,700,10069.383564
76.023645,700,10096.55193
-98.356459,700,10123.201292
59.2985,700,10150.266901
22.784473,700,10176.562078
7.523002,700,10203.37571
31.429602,700,10229.837319
-18.05219,700,10256.008948
69.853956,700,10282.782889
77.002892,700,10308.981128
76.66499,700,10335.151202
-26.791137,700,10362.027322
-108.564358,700,10387.881588
-28.968306,700,10415.120376
135.204312,700,10442.967204
3.239499,700,10471.273154
55.084555,700,10498.797755
66.827293,700,10525.610575
0.519167,700,10553.207851
14.9992,700,10580.90408
163.812855,700,10607.828514
35.844136,700,10634.705825
100.343385,700,10662.915843
172.164087,700,10690.431324
18.138454,700,10718.122359
57.235277,700,10745.006074
78.517381,700,10773.001156
-121.216868,700,10800.747207
35.512472,700,10828.311187
36.455968,700,10856.197979
177.507824,700,10884.085166
43.525436,700,10911.69881
20.241995,700,10938.680434
-110.504954,700,10965.742224
101.579554,700,10993.54313
80.103522,700,11021.340446
36.694207,700,11047.993474
15.525194,700,11076.220748
17.553761,700,11104.382029
139.866529,700,11132.11912
6.592653,700,11160.408312
28.237818,700,11188.707341
31.382535,700,11216.561746
25.237804,700,11244.550321
64.950525,700,11271.869935
10.17939,700,11298.633915
-34.983671,700,11325.883475
19.795395,700,11353.787551
111.467249,700,11381.394788
112.561471,700,11407.800255
57.714182,700,11434.812071
38.747259,700,11462.06568
-28.163198,700,11489.543345
40.84814,700,11516.557085
26.244955,700,11543.39215
122.792823,700,11570.585724
40.118891,700,11597.837416
-94.188698,700,11624.790767
24.357095,700,11651.593206
37.237559,700,11677.742846
-21.050655,700,11703.943034
-23.028675,700,11730.52198
-9.803269,700,11757.516766
25.195569,700,11784.490202
21.425921,700,11811.364358
6.467209,700,11837.906517
30.385167,700,11864.054708
150.882707,700,11890.746716
102.447223,700,11917.901148
40.54866,700,11944.918825
-104.501362,700,11971.895353
76.483382,700,11998.408616
-107.672481,700,12025.037596
8.036401,700,12052.180581
81.405077,700,12079.770515
59.730375,700,12106.701963
36.776444,700,12134.024671
43.582417,700,12161.666806
165.544498,700,12189.779075
28.188927,700,12217.588301
129.173031,700,12245.797532
109.514996,700,12273.986115
-8.148588,700,12300.885858
-91.779033,700,12328.670667
-37.443195,700,12356.181456
2.418904,700,12383.49718
143.342049,700,12411.193974
-104.319479,700,12439.18532
31.097891,700,12467.292405
72.59397,700,12494.130678
1.379853,700,12520.502315
28.759166,700,12547.001673
-14.984273,700,12574.016164
-115.60633,700,12600.727371
64.039859,700,12627.265221
55.735419,700,12654.607672
-4.706118,700,12683.511113
-95.340517,700,12710.736383
-9.227354,700,12738.881276
16.784637,700,12766.332664
8.966795,700,12794.237344
-24.155773,700,12820.960108
28.853021,700,12847.958537
57.597088,700,12874.568835
25.993314,700,12900.952782
20.913286,700,12928.89619
43.284652,700,12956.945109
44.956234,700,12985.306198
-109.48193,700,13013.396971
-31.754832,700,13041.360489
39.011963,700,13067.935817
35.497691,700,13096.488161
6.075121,700,13123.438271
-37.871855,700,13151.05159
14.007005,700,13178.538607
-3.318125,700,13207.361379
50.12553,700,13235.784894
-29.913212,700,13262.724442
-19.669887,700,13289.584459
4.969848,700,13316.455123
3.661171,700,13344.44336
19.826451,700,13372.512881
67.331219,700,13399.809098
6.961473,700,13427.466061
-9.040452,700,13455.569422
-113.112811,700,13482.898121
42.045511,700,13510.619411
-119.128807,700,13538.235322
34.219102,700,13565.383684
20.73943,700,13592.618012
40.35604,700,13619.242303
39.069951,700,13647.421322
90.374812,700,13676.091211
66.392746,700,13702.735772
8.199616,700,13730.775261
31.037202,700,13758.676214
26.252129,700,13786.399815
33.933529,700,13814.255896
68.196474,700,13842.182876
-9.956482,700,13870.638887
6.13082,700,13898.801633
37.565357,700,13926.074394
44.060489,700,13952.964347
34.070833,700,13980.822625
-93.349672,700,14008.952957
7.176152,700,14036.953641
27.335135,700,14065.865091
66.546664,700,14092.979012
50.895286,700,14119.819925
-101.415217,700,14146.322443
26.744903,700,14172.821399
-12.329611,700,14199.503017
27.646726,700,14226.18502
-21.178187,700,14252.858116
35.555609,700,14279.006885
33.165357,700,14305.831962
-123.01788,700,14332.570572
74.42274,700,14359.618687
26.181516,700,14386.207486
-99.03593,700,14412.502227
-18.000392,700,14438.743975
36.256324,700,14466.04485
29.836608,700,14493.204938
-0.483832,700,14520.12738
-106.734925,700,14546.678697
-18.103497,700,14572.872352
36.413681,700,14599.638616
106.22731,700,14627.272276
83.081566,700,14654.800644
48.978083,700,14681.925078
16.220431,700,14708.912409
32.192415,700,14735.242591
-96.352954,700,14762.123725
-115.786047,700,14788.50425
-121.571122,700,14815.820058
93.921746,700,14843.778007
26.683151,700,14870.622657
5.058786,700,14897.427629
43.90363,700,14923.694578
57.340509,700,14950.105561
13.30943,700,14977.373675
-89.169051,700,15003.909857
-3.498064,700,15030.8128
36.716381,700,15057.719584
-109.62578,700,15085.017519
143.31264,700,15111.196851
31.232098,700,15138.190377
88.941169,700,15164.861477
31.255495,700,15191.740281
37.08076,700,15218.400814
-22.590718,700,15245.213782
-143.431342,700,15271.761844
-22.510648,700,15298.347139
34.279834,700,15325.726303
3.98377,700,15352.09393
3.34388,700,15378.750852
71.723102,700,15405.853515
27.1323,700,15433.00232
50.488688,700,15459.362223
-39.197931,700,15485.760521
39.236062,700,15512.683279
-94.486512,700,15539.794784
79.184278,700,15566.476265
29.615883,700,15593.495192
50.96068,700,15620.032894
60.907384,700,15647.323599
30.147627,700,15673.897514
37.544295,700,15700.98226
-107.543035,700,15727.79985
16.121079,700,15754.558461
0.947024,700,15780.915431
32.624039,700,15807.605353
-93.568496,700,15834.587173
132.103239,700,15861.434565
12.247815,700,15888.332208
-9.218839,700,15915.219929
31.877395,700,15942.805782
-36.827832,700,15969.414826
147.363596,700,15996.060762
-93.72696,700,16022.365978
-24.512855,700,16049.773961
-120.138773,700,16076.962899
103.718791,700,16103.792559
43.972548,700,16132.208275
55.399898,700,16158.808171
-7.465906,700,16186.646439
34.481074,700,16215.203028
-2.278653,700,16243.118691
-27.751669,700,16270.819906
18.121888,700,16298.700558
21.911212,700,16326.528342
-6.501314,700,16354.546327
46.45627,700,16382.182271
-3.049389,700,16409.818448
105.248069,700,16437.378664
-3.17014,700,16465.776455
83.048071,700,16493.466604
46.301165,700,16522.218865
138.267768,700,16550.112749
111.450707,700,16576.579053
111.758482,700,16603.550692
23.077194,700,16630.045157
4.103574,700,16656.505204
40.45185,700,16683.328678
0.812137,700,16710.713251
-14.204875,700,16737.568728
128.978862,700,16764.179723
51.505497,700,16791.237113
37.088185,700,16817.933614
32.256996,700,16845.818111
45.335678,700,16873.498085
-2.781654,700,16900.074839
56.830437,700,16927.713396
68.688096,700,16955.362768
43.549708,700,16981.933164
-93.411362,700,17009.462401
37.143541,700,17036.530196
39.616973,700,17063.488132
59.957538,700,17091.148072
49.690351,700,17117.971142
61.146991,700,17144.833473
-1.801627,700,17171.759757
-13.925192,700,17199.077677
47.469878,700,17226.667212
0.071378,700,17255.09183
-24.477591,700,17282.803958
26.638753,700,17310.462415
42.692555,700,17338.022343
144.68007,700,17366.147991
-38.894103,700,17393.837546
41.14161,700,17421.884016
88.119864,700,17449.602126
-104.832471,700,17477.366225
17.276354,700,17505.791229
-17.441906,700,17533.670388
60.832304,700,17561.050611
69.240871,700,17588.847779
72.404753,700,17616.93781
24.694092,700,17644.383978
82.030371,700,17671.238038
34.188506,700,17697.752928
69.486019,700,17725.000346
-19.457021,700,17752.355513
37.92757,700,17779.825324
18.075319,700,17807.924624
82.349423,700,17835.216448
-122.86723,700,17863.297801
62.308349,700,17891.050904
88.57947,700,17918.5975
-107.425272,700,17945.883056
44.48549,700,17974.013965
36.27256,700,18001.906333
18.252619,700,18029.355598
-93.313052,700,18056.830751
30.486297,700,18084.093574
34.348737,700,18112.179081
38.155063,700,18139.85515
-95.58864,700,18167.327611
22.220305,700,18195.294801
36.966633,700,18223.636239
12.405721,700,18252.203312
40.672213,700,18280.543608
10.18477,700,18308.422558
11.587238,700,18336.531436
57.587108,700,18364.469808
39.925087,700,18392.642873
-27.021979,700,18420.374325
6.287608,700,18447.925805
44.05956,700,18476.439008
-18.369064,700,18504.681466
72.231448,700,18532.172286
-85.802268,700,18559.488237
185.786286,700,18587.790226
10.408806,700,18615.237244
28.292297,700,18643.073124
51.995889,700,18670.976747
171.192487,700,18698.583915
82.839255,700,18726.467889
50.677094,700,18754.556698
2.623584,700,18783.121932
203.152744,700,18810.994019
32.002449,700,18838.902358
-92.012379,700,18866.775628
79.637305,700,18894.392945
-108.931162,700,18921.906609
10.821788,700,18949.596996
76.355433,700,18977.334452
34.32976,700,19004.186251
-29.378039,700,19030.876735
83.495505,700,19056.957782
-15.272151,700,19083.427932
28.638434,700,19110.517161
29.175218,700,19136.78255
44.224992,700,19164.054708
8.725803,700,19190.129426
44.531756,700,19217.494552
34.983561,700,19244.619635
12.504005,700,19271.823749
79.76243,700,19298.904017
70.426102,700,19324.865199
5.751667,700,19351.324068
37.54572,700,19378.490191
-113.51165,700,19405.589247
-105.533876,700,19431.81697
-1.863661,700,19458.059269
86.867854,700,19484.872288
118.393187,700,19513.305111
12.080066,700,19540.082678
42.630067,700,19567.529097
-100.884771,700,19594.710716
-149.507063,700,19621.228935
-7.343944,700,19647.729329
88.734769,700,19674.24611
30.441714,700,19700.853085
5.933791,700,19727.353692
-24.5125,700,19754.052881
34.177027,700,19780.435137
-21.928488,700,19807.703548
45.33984,700,19835.911796
88.492547,700,19863.195263
11.105165,700,19891.254811
21.794465,700,19919.383135
15.649307,700,19947.480897
-19.687353,700,19974.733991
33.771035,700,20002.082226
35.43616,700,20028.967608
42.213873,700,20055.605489
40.42584,700,20081.615637
38.133906,700,20108.035232
18.405366,700,20135.856726
44.14362,700,20164.103884
167.092376,700,20191.734202
7.063067,700,20218.921215
-18.947882,700,20246.739713
71.708372,700,20274.238043
-107.588159,700,20301.849499
45.449917,700,20328.990975
-35.907107,700,20357.250757
34.515302,700,20384.026811
135.808084,700,20410.565091
80.193568,700,20438.713393
126.119928,700,20466.323702
41.384148,700,20494.558201
38.790323,700,20521.67611
40.43865,700,20549.766347
34.428168,700,20578.209352
64.897446,700,20606.349844
31.787224,700,20634.66917
49.723189,700,20662.819233
17.290859,700,20690.802609
46.082986,700,20718.665458
38.486149,700,20747.196451
-9.61758,700,20775.170107
-127.676165,700,20802.275591
72.464084,700,20830.786965
23.813952,700,20858.330173
-93.899458,700,20886.189234
34.746049,700,20913.840436
28.360039,700,20941.517131
91.714079,700,20969.298686
34.307003,700,20997.042794
-5.483879,700,21024.766492
26.84747,700,21052.557162
-115.713549,700,21080.372018
-107.261549,700,21108.140703
77.113982,700,21136.495238
59.275399,700,21164.046234
28.735642,700,21191.72995
-108.987291,700,21219.874866
-87.826794,700,21248.488404
16.493585,700,21276.28755
38.695892,700,21304.23631
13.935822,700,21332.400847
46.904193,700,21359.568886
37.967035,700,21387.448922
14.231536,700,21415.422512
87.733739,700,21444.168264
96.501482,700,21472.125974
43.531529,700,21500.056692
-99.328206,700,21527.711614
47.762031,700,21555.845201
88.091931,700,21584.119827
-20.396952,700,21611.409129
60.764823,700,21639.681867
53.491494,700,21668.876003
74.197336,700,21696.035383
24.95935,700,21723.832259
37.977805,700,21752.030692
-21.04764,700,21779.748017
34.645293,700,21807.876524
-103.124128,700,21835.930563
44.487473,700,21864.182804
41.870989,700,21891.75657
17.312531,700,21920.795799
-39.093436,700,21948.880314
-87.898801,700,21977.159049
48.648129,700,22005.068021
60.187697,700,22033.362672
38.983155,700,22060.373255
46.770667,700,22088.024784
61.639818,700,22115.908756
-113.692832,700,22144.149481
16.935367,700,22171.812652
137.313652,700,22198.654911
67.971657,700,22226.634679
34.491273,700,22254.900403
60.371762,700,22282.775934
-11.829818,700,22310.923482
68.876417,700,22338.95355
-39.313878,700,22367.317289
181.87741,700,22395.232114
-121.561708,700,22422.679963
-112.357692,700,22450.120129
26.357258,700,22477.68329
-134.678759,700,22505.5186
78.005042,700,22533.437144
27.991003,700,22562.366827
9.667226,700,22589.840383
81.868647,700,22616.935324
-95.937764,700,22645.127258
-90.955368,700,22672.846742
-1.396421,700,22701.023474
8.648564,700,22729.315229
122.056184,700,22756.854222
11.662185,700,22784.744693
132.329915,700,22811.669381
5.067895,700,22839.301682
14.076786,700,22867.157193
-39.174142,700,22895.546221
97.318503,700,22923.376201
1.068511,700,22950.650367
-20.307005,700,22976.856152
67.704282,700,23003.593373
-29.668505,700,23031.089735
38.970061,700,23057.659773
37.623159,700,23085.266113
45.260337,700,23111.839016
43.572541,700,23139.73087
161.73826,700,23167.533659
69.429698,700,23194.797031
40.429696,700,23222.593739
-121.035328,700,23250.562841
36.378674,700,23277.075853
58.72097,700,23303.464564
27.0339,700,23330.760008
7.988663,700,23357.150658
-91.9371,700,23384.008235
92.33399,700,23410.904438
-120.271208,700,23438.243227
36.941298,700,23465.629374
1.437677,700,23492.181154
71.93682,700,23519.636022
30.126438,700,23546.867975
35.235826,700,23573.481825
44.119101,700,23601.185454
-94.318794,700,23628.411612
-108.548037,700,23655.35536
-94.23282,700,23682.209697
33.158414,700,23709.861586
-9.791905,700,23737.047816
-110.251658,700,23763.517727
99.824224,700,23790.530434
-122.66349,700,23818.231279
38.946102,700,23844.584892
-19.057931,700,23871.780618
0.201573,700,23898.7023
32.079534,700,23926.709611
136.929454,700,23953.939197
40.476724,700,23981.002
-22.690149,700,24007.975663
-113.617686,700,24035.060924
-12.743516,700,24061.305781
49.41924,700,24088.669295
-109.73082,700,24116.568411
8.448078,700,24143.785971
-86.438849,700,24171.529928
23.175778,700,24199.692033
156.881277,700,24227.658388
88.608783,700,24254.142097
184.308926,700,24281.1869
66.816115,700,24308.189219
199.907135,700,24334.368833
-95.038668,700,24361.2151
-16.054587,700,24389.304335
-16.261302,700,24418.30605
-94.916509,700,24446.017392
-125.154127,700,24473.032903
142.907637,700,24500.177885
170.929519,700,24528.417091
39.201552,700,24554.939503
122.677278,700,24582.219052
-10.821148,700,24609.912755
-110.543308,700,24637.198539
51.775495,700,24663.668839
-24.206553,700,24690.583434
-32.178999,700,24717.843727
116.864006,700,24744.81735
48.634022,700,24772.148238
-34.568026,700,24800.001938
-15.725175,700,24827.578142
-28.870683,700,24855.721274
57.392986,700,24883.045213
-97.472951,700,24910.814796
64.562101,700,24938.680306
-83.11557,700,24966.061739
31.482739,700,24992.738201
9.354229,700,25019.284701
81.60512,700,25046.338524
45.509926,700,25073.531928
27.442213,700,25100.601385
-100.578676,700,25127.045798
-110.597898,700,25154.859719
5.227524,700,25181.772825
52.460401,700,25208.637651
13.075004,700,25235.266336
23.263121,700,25263.371526
55.89996,700,25290.412328
102.276723,700,25317.778584
-87.233442,700,25344.698135
44.324233,700,25371.142857
-97.952653,700,25397.679369
82.115733,700,25424.769515
14.917493,700,25451.965115
207.454631,700,25479.702034
34.920264,700,25507.62107
114.188518,700,25534.541587
39.258121,700,25561.589733
62.964841,700,25588.998308
-107.548697,700,25616.135818
47.473732,700,25643.062241
28.049416,700,25669.935273
53.190774,700,25696.812228
56.866167,700,25723.907575
33.652765,700,25751.735693
40.360491,700,25779.459852
33.257642,700,25808.10709
68.381428,700,25835.985667
36.041605,700,25863.616376
12.883762,700,25891.243936
23.003751,700,25918.071494
18.033812,700,25945.303474
8.801767,700,25973.084744
148.738006,700,25999.49901
-94.636698,700,26025.866778
-107.040265,700,26053.544039
-32.524791,700,26080.703447
61.265274,700,26108.688841
107.232236,700,26136.154185
44.694617,700,26163.577006
40.170864,700,26191.208509
-109.422304,700,26217.969008
24.692273,700,26245.351345
-97.554488,700,26272.629576
37.379947,700,26299.307478
31.792842,700,26327.268888
78.363411,700,26353.984109
36.270211,700,26381.098787
146.07559,700,26408.638836
38.264027,700,26436.611006
10.721967,700,26465.244284
-109.96856,700,26493.76593
28.934472,700,26521.940026
-2.257685,700,26549.847951
80.407872,700,26577.835764
17.347165,700,26605.654492
43.262245,700,26633.551099
-6.685297,700,26661.214727
43.917859,700,26688.167952
58.11938,700,26715.359968
32.0192,700,26741.574236
-29.552826,700,26768.432149
62.424245,700,26795.676321
46.791375,700,26823.008326
35.187183,700,26850.330733
21.458572,700,26877.108559
124.535766,700,26904.55666
21.586159,700,26931.968416
-31.171269,700,26958.895762
-86.973643,700,26986.345253
29.463727,700,27014.097028
139.894304,700,27040.55574
34.014895,700,27067.637149
-100.561423,700,27094.762224
-34.231852,700,27122.043484
63.742488,700,27149.029299
-15.669479,700,27177.031759
53.466422,700,27204.581831
4.18214,700,27231.979005
126.668588,700,27259.965575
-91.257163,700,27288.1568
-21.44815,700,27314.705104
51.59263,700,27341.971467
0.178392,700,27369.910159
134.537465,700,27396.5806
125.970596,700,27423.324166
122.979818,700,27451.096066
9.34364,700,27479.627282
36.48085,700,27506.654892
17.911022,700,27534.620134
-102.416405,700,27562.875791
88.696835,700,27589.32782
1.962146,700,27616.444844
-20.939939,700,27643.289515
33.909443,700,27670.811306
33.344096,700,27698.307277
2.062099,700,27725.720497
126.927466,700,27752.967097
33.591839,700,27779.640504
63.41842,700,27807.455772
118.043145,700,27834.361571
48.206017,700,27861.392984
3.432934,700,27887.793446
67.768188,700,27916.186479
19.445233,700,27943.090008
59.577523,700,27969.503238
48.865018,700,27996.971564
72.199112,700,28023.957737
13.632546,700,28051.512151
143.355722,700,28078.554717
-92.339792,700,28105.413747
7.573103,700,28132.655616
61.993888,700,28158.671608
-21.46785,700,28186.130455
18.306919,700,28213.122373
23.841881,700,28240.449842
76.697675,700,28267.982799
-88.621496,700,28295.087199
-17.433539,700,28322.73295
89.568507,700,28350.077594
41.00363,700,28376.920505
34.920127,700,28404.736052
59.942475,700,28432.433326
44.364478,700,28461.091618
16.150816,700,28488.552775
43.610887,700,28516.308639
-130.609337,700,28543.645992
229.12942,700,28570.418303
83.690897,700,28596.878581
45.237758,700,28623.258012
8.96767,700,28651.211364
243.908634,700,28679.551454
9.347845,700,28707.778657
36.871719,700,28735.530984
-97.436066,700,28763.570081
45.260516,700,28791.353249
48.013791,700,28819.58939
93.673738,700,28847.334273
41.623153,700,28875.478725
203.113574,700,28902.452212
11.349731,700,28930.527036
137.280708,700,28956.9631
-1.263117,700,28984.808297
-141.113968,700,29012.240608
86.682132,700,29038.806673
50.322775,700,29066.027379
48.032359,700,29093.082717
-20.585769,700,29119.824768
8.514461,700,29146.773284
39.306377,700,29173.926483
60.600857,700,29200.312192
40.945027,700,29226.039348
131.939058,700,29253.402478
96.642756,700,29279.806575
29.356037,700,29307.000657
50.843802,700,29334.424441
20.680149,700,29361.788678
36.75227,700,29388.897958
51.308999,700,29415.845938
-89.007715,700,29442.799964
-5.666523,700,29469.904435
71.625333,700,29496.788779
40.216368,700,29523.291625
175.334009,700,29550.898322
-2.922192,700,29578.114445
30.438546,700,29605.322188
114.983201,700,29633.128108
-105.410525,700,29660.624685
53.578304,700,29687.482627
10.060495,700,29714.31734
-0.18307,700,29741.500712
41.829794,700,29768.61129
13.04233,700,29796.302329
1.568757,700,29822.685806
-56.4041,700,29850.183487
-108.0887,700,29877.698675
-78.646005,700,29904.921623
106.164944,700,29931.982571
29.722347,700,29959.245251
250.272569,700,29986.325852
42.432836,700,30013.359124
19.506603,700,30040.381245
-41.516566,700,30067.389152
12.423972,700,30094.206191
18.722253,700,30120.66004
57.768166,700,30147.616621
84.584581,700,30174.972367
57.630237,700,30201.897657
39.796372,700,30229.612132
16.5734,700,30256.197802
43.87295,700,30283.188422
51.835922,700,30309.987514
48.872578,700,30337.298134
43.014824,700,30364.894567
34.157196,700,30391.333414
138.117499,700,30417.941064
138.149268,700,30445.424793
43.446171,700,30472.248266
40.941483,700,30499.456212
-7.176557,700,30526.665616
-96.704098,700,30553.510301
39.059658,700,30581.2752
30.5044,700,30608.391168
-86.014904,700,30635.078419
-2.850487,700,30662.460667
-14.528274,700,30690.189814
38.335783,700,30716.934477
-83.320534,700,30743.828942
149.064668,700,30771.114109
17.234074,700,30798.386711
79.185275,700,30825.756455
-92.056819,700,30852.42945
-16.776448,700,30879.788685
7.909556,700,30906.819765
19.110617,700,30933.829219
39.592978,700,30960.685371
57.269694,700,30987.540434
14.214916,700,31014.465616
149.210105,700,31041.256351
-106.082084,700,31067.965682
13.135858,700,31094.765321
42.492054,700,31122.51586
150.280184,700,31149.712536
9.550052,700,31177.264964
16.555133,700,31203.86185
68.35865,700,31230.836795
-147.894847,700,31257.414564
-58.700986,700,31284.078151
73.58589,700,31311.196685
60.712881,700,31337.892415
39.786175,700,31365.622361
-76.070294,700,31391.990837
75.097969,700,31418.658199
14.216392,700,31445.470469
-26.212844,700,31472.863072
71.608068,700,31499.582291
43.887007,700,31526.993936
129.366522,700,31554.33762
105.244859,700,31580.610512
145.39991,700,31607.976303
-18.649744,700,31634.94805
22.563647,700,31661.718626
61.3009,700,31688.141016
132.207146,700,31715.067132
37.463211,700,31742.05326
143.160082,700,31768.866992
-115.625507,700,31795.824284
28.284629,700,31822.746392
28.925294,700,31850.329125
25.574015,700,31876.903563
41.392738,700,31903.202209
-11.428918,700,31930.013006
24.476868,700,31957.159521
135.971578,700,31984.283062
-7.666264,700,32011.554449
-106.714333,700,32038.896273
66.281864,700,32064.926951
37.174619,700,32092.274112
37.337683,700,32118.373101
1.583712,700,32145.25122
16.707795,700,32172.400056
63.556537,700,32199.73281
51.87411,700,32226.116759
-108.257824,700,32254.012978
57.48069,700,32280.496597
55.860172,700,32307.221475
-15.432057,700,32334.754402
-101.019971,700,32361.897608
75.457371,700,32388.827127
-35.892008,700,32415.428929
17.695337,700,32442.547623
98.342637,700,32470.454942
39.580992,700,32496.950123
30.472582,700,32524.178378
-138.378686,700,32550.761751
85.277727,700,32577.996099
-25.467718,700,32604.752348
-50.360947,700,32631.76754
64.775521,700,32658.930401
-48.007592,700,32686.303201
64.665316,700,32713.266118
67.245463,700,32739.752382
-8.690527,700,32766.884279
62.105317,700,32793.069994
38.401032,700,32820.026513
37.730543,700,32848.140405
35.464437,700,32875.42212
96.964128,700,32902.350157
65.520391,700,32929.763919
127.44865,700,32957.127428
25.542212,700,32985.486384
-22.789418,700,33012.304461
33.118449,700,33039.364536
-110.877734,700,33066.293244
-100.970432,700,33093.443107
44.921304,700,33120.425479
63.0187,700,33147.390535
43.79692,700,33174.94614
66.069843,700,33203.192041
74.200068,700,33231.78167
44.595381,700,33260.893829
4.876459,700,33287.869342
18.546381,700,33316.621214
60.591562,700,33344.494352
-19.110557,700,33372.839886
64.382253,700,33400.581401
23.641134,700,33428.406504
20.985279,700,33455.807431
66.245526,700,33483.15287
-119.747299,700,33511.265517
-11.000437,700,33539.598777
-19.239733,700,33566.917897
69.657863,700,33595.849791
44.141933,700,33623.782314
-11.421617,700,33651.690082
42.716422,700,33679.444749
49.876706,700,33707.227149
24.765064,700,33734.825085
103.96909,700,33761.946231
-70.92358,700,33789.742757
27.5335,700,33817.432397
12.623393,700,33845.90505
78.607739,700,33873.849376
15.983304,700,33901.280573
57.649204,700,33928.320836
32.132436,700,33955.860619
133.504933,700,33982.607752
-118.184188,700,34010.182915
20.70783,700,34037.736477
-0.15217,700,34065.190235
-18.679516,700,34093.412437
-37.783967,700,34121.404095
-19.058872,700,34149.671066
15.656786,700,34177.395992
201.750036,700,34205.429676
53.627204,700,34232.623825
35.554072,700,34260.594312
51.614126,700,34287.787676
63.993296,700,34315.976736
-92.563283,700,34344.077606
-118.278162,700,34372.48808
-114.02651,700,34400.679378
31.396224,700,34428.55104
62.150051,700,34456.65211
-25.847795,700,34485.40583
110.812077,700,34513.849151
-135.650441,700,34542.437636
42.213807,700,34569.604683
33.792019,700,34596.965999
40.294545,700,34625.225512
18.793621,700,34652.731571
82.932195,700,34680.218769
15.770973,700,34707.350454
53.0966,700,34734.562891
172.414673,700,34762.300132
4.310317,700,34789.845914
60.746061,700,34818.087827
35.576077,700,34845.753173
-8.353964,700,34873.979648
10.797992,700,34901.686049
150.016817,700,34929.14398
47.669243,700,34956.880334
74.871912,700,34984.447906
32.226216,700,35012.347021
106.16189,700,35039.411998
171.664003,700,35066.77416
-17.178601,700,35093.527171
-85.083659,700,35121.009408
106.966062,700,35148.334459
0.286501,700,35176.87056
72.832171,700,35204.244837
-32.02008,700,35232.074076
7.745384,700,35260.457466
-95.756949,700,35287.856033
62.131456,700,35315.573835
-38.322948,700,35343.738671
-13.402612,700,35371.692221
38.356222,700,35399.961899
13.787667,700,35427.870355
-90.144833,700,35455.717258
41.416574,700,35484.15769
34.842552,700,35511.644248
34.715783,700,35539.791046
-17.307973,700,35568.421654
40.097879,700,35595.792156
32.338914,700,35623.337368
5.533985,700,35650.634416
30.902636,700,35678.346943
37.30438,700,35706.814094
-1.078755,700,35735.176674
-110.001248,700,35763.445912
-0.620091,700,35791.300616
-115.710505,700,35818.771137
36.041063,700,35847.119846
-149.70916,700,35874.745508
97.692045,700,35903.17715
61.346561,700,35931.533298
-10.528897,700,35958.849008
39.244434,700,35986.798731
135.647634,700,36014.697157
-1.624831,700,36042.721651
-91.465916,700,36070.946753
1.495546,700,36098.304572
31.671933,700,36126.439591
-126.041137,700,36154.849659
72.680424,700,36182.744978
59.781073,700,36211.953148
39.619962,700,36240.572788
22.831118,700,36270.935236
15.435221,700,36299.170774
-16.781238,700,36327.175461
38.825673,700,36354.583142
-6.468517,700,36382.330236
34.976991,700,36410.561884
-0.208175,700,36438.191922
11.952412,700,36465.848755
24.640005,700,36493.603518
77.642351,700,36522.112948
57.922361,700,36550.930592
-17.803216,700,36578.982746
4.043582,700,36608.537248
74.504925,700,36636.325377
6.614399,700,36664.386154
25.466574,700,36692.101974
47.499779,700,36719.685511
62.679734,700,36747.447881
-13.945777,700,36774.96306
23.131602,700,36803.413125
137.201967,700,36830.552656
139.3536,700,36858.582898
129.618491,700,36884.738551
-96.513866,700,36911.984169
-23.247269,700,36939.184199
80.454151,700,36966.854236
99.087565,700,36995.251527
210.53974,700,37022.324859
134.215382,700,37049.631942
-15.991189,700,37077.844121
36.312627,700,37104.233062
52.991009,700,37131.984659
14.884599,700,37159.140569
62.919938,700,37186.48207
-97.081055,700,37213.232836
-28.501997,700,37240.251054
52.843386,700,37267.548969
2.792764,700,37294.41765
-7.362601,700,37321.42082
84.093015,700,37347.935989
9.200117,700,37374.876023
-11.418237,700,37401.710329
49.043762,700,37428.886783
118.880787,700,37455.644084
28.007331,700,37482.910577
-12.620936,700,37508.957475
-105.276836,700,37536.023094
-89.916901,700,37562.779343
22.842894,700,37589.310306
41.785809,700,37616.269033
148.412644,700,37644.253683
-24.726872,700,37671.582774
105.966892,700,37699.051694
-15.565646,700,37728.498586
30.841717,700,37758.251181
186.199875,700,37786.66353
68.822614,700,37814.479777
69.342395,700,37842.447824
-119.829386,700,37869.744347
20.815113,700,37896.413061
42.372929,700,37924.258022
